{"cameraMode":{"drawMode":0,"name":"Shaded","section":"Shading Mode"},"sceneLighting":true,"audioPlay":false,"sceneViewState":{"showFog":true,"showMaterialUpdate":false,"showSkybox":true,"showFlares":true,"showImageEffects":true,"showParticleSystems":true},"in2DMode":false,"pivot":{"x":-27.67999839782715,"y":-0.03999999165534973,"z":23.760000228881837},"rotation":{"x":-0.27563413977622988,"y":0.395949125289917,"z":-0.1258164942264557,"w":-0.866926372051239},"size":9.820064544677735,"orthographic":true}